Topic,Question,Link
1,1,https://www.examtopics.com/discussions/microsoft/view/74986-exam-az-800-topic-1-question-1-discussion/
1,2,https://www.examtopics.com/discussions/microsoft/view/75085-exam-az-800-topic-1-question-2-discussion/
1,3,https://www.examtopics.com/discussions/microsoft/view/75086-exam-az-800-topic-1-question-3-discussion/
1,4,https://www.examtopics.com/discussions/microsoft/view/74425-exam-az-800-topic-1-question-4-discussion/
1,5,https://www.examtopics.com/discussions/microsoft/view/81769-exam-az-800-topic-1-question-5-discussion/
1,6,https://www.examtopics.com/discussions/microsoft/view/74735-exam-az-800-topic-1-question-6-discussion/
1,7,https://www.examtopics.com/discussions/microsoft/view/81915-exam-az-800-topic-1-question-7-discussion/
1,8,https://www.examtopics.com/discussions/microsoft/view/86457-exam-az-800-topic-1-question-8-discussion/
1,9,https://www.examtopics.com/discussions/microsoft/view/76497-exam-az-800-topic-1-question-9-discussion/
1,10,https://www.examtopics.com/discussions/microsoft/view/75104-exam-az-800-topic-1-question-10-discussion/
1,11,https://www.examtopics.com/discussions/microsoft/view/81916-exam-az-800-topic-1-question-11-discussion/
1,12,https://www.examtopics.com/discussions/microsoft/view/78342-exam-az-800-topic-1-question-12-discussion/
1,13,https://www.examtopics.com/discussions/microsoft/view/84208-exam-az-800-topic-1-question-13-discussion/
1,14,https://www.examtopics.com/discussions/microsoft/view/78343-exam-az-800-topic-1-question-14-discussion/
1,15,https://www.examtopics.com/discussions/microsoft/view/80830-exam-az-800-topic-1-question-15-discussion/
1,16,https://www.examtopics.com/discussions/microsoft/view/78407-exam-az-800-topic-1-question-16-discussion/
1,17,https://www.examtopics.com/discussions/microsoft/view/87247-exam-az-800-topic-1-question-17-discussion/
1,18,https://www.examtopics.com/discussions/microsoft/view/86451-exam-az-800-topic-1-question-18-discussion/
1,19,https://www.examtopics.com/discussions/microsoft/view/74987-exam-az-800-topic-1-question-19-discussion/
1,20,https://www.examtopics.com/discussions/microsoft/view/80973-exam-az-800-topic-1-question-20-discussion/
1,21,https://www.examtopics.com/discussions/microsoft/view/80802-exam-az-800-topic-1-question-21-discussion/
1,22,https://www.examtopics.com/discussions/microsoft/view/82269-exam-az-800-topic-1-question-22-discussion/
1,23,https://www.examtopics.com/discussions/microsoft/view/95073-exam-az-800-topic-1-question-23-discussion/
1,24,https://www.examtopics.com/discussions/microsoft/view/97370-exam-az-800-topic-1-question-24-discussion/
1,25,https://www.examtopics.com/discussions/microsoft/view/97234-exam-az-800-topic-1-question-25-discussion/
1,26,https://www.examtopics.com/discussions/microsoft/view/97050-exam-az-800-topic-1-question-26-discussion/
1,27,https://www.examtopics.com/discussions/microsoft/view/97236-exam-az-800-topic-1-question-27-discussion/
1,28,https://www.examtopics.com/discussions/microsoft/view/97237-exam-az-800-topic-1-question-28-discussion/
1,29,https://www.examtopics.com/discussions/microsoft/view/97238-exam-az-800-topic-1-question-29-discussion/
1,30,https://www.examtopics.com/discussions/microsoft/view/99876-exam-az-800-topic-1-question-30-discussion/
1,31,https://www.examtopics.com/discussions/microsoft/view/102533-exam-az-800-topic-1-question-31-discussion/
1,32,https://www.examtopics.com/discussions/microsoft/view/103455-exam-az-800-topic-1-question-32-discussion/
1,33,https://www.examtopics.com/discussions/microsoft/view/102587-exam-az-800-topic-1-question-33-discussion/
1,34,https://www.examtopics.com/discussions/microsoft/view/112229-exam-az-800-topic-1-question-34-discussion/
1,35,https://www.examtopics.com/discussions/microsoft/view/112040-exam-az-800-topic-1-question-35-discussion/
1,36,https://www.examtopics.com/discussions/microsoft/view/112041-exam-az-800-topic-1-question-36-discussion/
1,37,https://www.examtopics.com/discussions/microsoft/view/112042-exam-az-800-topic-1-question-37-discussion/
1,38,https://www.examtopics.com/discussions/microsoft/view/112043-exam-az-800-topic-1-question-38-discussion/
1,39,https://www.examtopics.com/discussions/microsoft/view/112045-exam-az-800-topic-1-question-39-discussion/
1,40,https://www.examtopics.com/discussions/microsoft/view/120546-exam-az-800-topic-1-question-40-discussion/
1,41,https://www.examtopics.com/discussions/microsoft/view/120863-exam-az-800-topic-1-question-41-discussion/
1,42,https://www.examtopics.com/discussions/microsoft/view/120555-exam-az-800-topic-1-question-42-discussion/
1,43,https://www.examtopics.com/discussions/microsoft/view/120599-exam-az-800-topic-1-question-43-discussion/
1,44,https://www.examtopics.com/discussions/microsoft/view/120594-exam-az-800-topic-1-question-44-discussion/
1,45,https://www.examtopics.com/discussions/microsoft/view/121547-exam-az-800-topic-1-question-45-discussion/
1,46,https://www.examtopics.com/discussions/microsoft/view/122543-exam-az-800-topic-1-question-46-discussion/
1,47,https://www.examtopics.com/discussions/microsoft/view/121546-exam-az-800-topic-1-question-47-discussion/
1,48,https://www.examtopics.com/discussions/microsoft/view/123307-exam-az-800-topic-1-question-48-discussion/
1,49,https://www.examtopics.com/discussions/microsoft/view/122473-exam-az-800-topic-1-question-49-discussion/
1,50,https://www.examtopics.com/discussions/microsoft/view/123287-exam-az-800-topic-1-question-50-discussion/
1,51,https://www.examtopics.com/discussions/microsoft/view/126406-exam-az-800-topic-1-question-51-discussion/
1,52,https://www.examtopics.com/discussions/microsoft/view/126719-exam-az-800-topic-1-question-52-discussion/
1,53,https://www.examtopics.com/discussions/microsoft/view/126304-exam-az-800-topic-1-question-53-discussion/
1,54,https://www.examtopics.com/discussions/microsoft/view/126306-exam-az-800-topic-1-question-54-discussion/
1,55,https://www.examtopics.com/discussions/microsoft/view/129222-exam-az-800-topic-1-question-55-discussion/
1,56,https://www.examtopics.com/discussions/microsoft/view/141149-exam-az-800-topic-1-question-56-discussion/
1,57,https://www.examtopics.com/discussions/microsoft/view/147796-exam-az-800-topic-1-question-57-discussion/
1,58,https://www.examtopics.com/discussions/microsoft/view/135139-exam-az-800-topic-1-question-58-discussion/
1,59,https://www.examtopics.com/discussions/microsoft/view/136664-exam-az-800-topic-1-question-59-discussion/
1,60,https://www.examtopics.com/discussions/microsoft/view/136217-exam-az-800-topic-1-question-60-discussion/
1,61,https://www.examtopics.com/discussions/microsoft/view/139790-exam-az-800-topic-1-question-61-discussion/
1,62,https://www.examtopics.com/discussions/microsoft/view/141102-exam-az-800-topic-1-question-62-discussion/
1,63,https://www.examtopics.com/discussions/microsoft/view/149294-exam-az-800-topic-1-question-63-discussion/
1,64,https://www.examtopics.com/discussions/microsoft/view/149295-exam-az-800-topic-1-question-64-discussion/
1,65,https://www.examtopics.com/discussions/microsoft/view/149302-exam-az-800-topic-1-question-65-discussion/
1,66,https://www.examtopics.com/discussions/microsoft/view/149296-exam-az-800-topic-1-question-66-discussion/
1,67,https://www.examtopics.com/discussions/microsoft/view/149298-exam-az-800-topic-1-question-67-discussion/
1,68,https://www.examtopics.com/discussions/microsoft/view/149299-exam-az-800-topic-1-question-68-discussion/
1,69,https://www.examtopics.com/discussions/microsoft/view/149300-exam-az-800-topic-1-question-69-discussion/
1,74,https://www.examtopics.com/discussions/microsoft/view/140796-exam-az-800-topic-2-question-24-discussion/
1,80,https://www.examtopics.com/discussions/microsoft/view/141396-exam-az-800-topic-3-question-32-discussion/
2,1,https://www.examtopics.com/discussions/microsoft/view/75463-exam-az-800-topic-2-question-1-discussion/
2,2,https://www.examtopics.com/discussions/microsoft/view/81088-exam-az-800-topic-2-question-2-discussion/
2,3,https://www.examtopics.com/discussions/microsoft/view/74680-exam-az-800-topic-2-question-3-discussion/
2,4,https://www.examtopics.com/discussions/microsoft/view/75470-exam-az-800-topic-2-question-4-discussion/
2,5,https://www.examtopics.com/discussions/microsoft/view/75549-exam-az-800-topic-2-question-5-discussion/
2,6,https://www.examtopics.com/discussions/microsoft/view/74682-exam-az-800-topic-2-question-6-discussion/
2,7,https://www.examtopics.com/discussions/microsoft/view/76240-exam-az-800-topic-2-question-7-discussion/
2,8,https://www.examtopics.com/discussions/microsoft/view/81917-exam-az-800-topic-2-question-8-discussion/
2,9,https://www.examtopics.com/discussions/microsoft/view/81918-exam-az-800-topic-2-question-9-discussion/
2,10,https://www.examtopics.com/discussions/microsoft/view/83024-exam-az-800-topic-2-question-10-discussion/
2,11,https://www.examtopics.com/discussions/microsoft/view/81919-exam-az-800-topic-2-question-11-discussion/
2,12,https://www.examtopics.com/discussions/microsoft/view/87124-exam-az-800-topic-2-question-12-discussion/
2,13,https://www.examtopics.com/discussions/microsoft/view/95501-exam-az-800-topic-2-question-13-discussion/
2,14,https://www.examtopics.com/discussions/microsoft/view/99566-exam-az-800-topic-2-question-14-discussion/
2,15,https://www.examtopics.com/discussions/microsoft/view/124073-exam-az-800-topic-2-question-15-discussion/
2,16,https://www.examtopics.com/discussions/microsoft/view/121721-exam-az-800-topic-2-question-16-discussion/
2,17,https://www.examtopics.com/discussions/microsoft/view/121651-exam-az-800-topic-2-question-17-discussion/
2,18,https://www.examtopics.com/discussions/microsoft/view/121718-exam-az-800-topic-2-question-18-discussion/
2,19,https://www.examtopics.com/discussions/microsoft/view/121719-exam-az-800-topic-2-question-19-discussion/
2,20,https://www.examtopics.com/discussions/microsoft/view/121652-exam-az-800-topic-2-question-20-discussion/
2,21,https://www.examtopics.com/discussions/microsoft/view/126451-exam-az-800-topic-2-question-21-discussion/
2,22,https://www.examtopics.com/discussions/microsoft/view/145880-exam-az-800-topic-2-question-22-discussion/
2,23,https://www.examtopics.com/discussions/microsoft/view/137878-exam-az-800-topic-2-question-23-discussion/
2,25,https://www.examtopics.com/discussions/microsoft/view/143440-exam-az-800-topic-2-question-26-discussion/
2,27,https://www.examtopics.com/discussions/microsoft/view/149440-exam-az-800-topic-2-question-27-discussion/
2,28,https://www.examtopics.com/discussions/microsoft/view/149441-exam-az-800-topic-2-question-28-discussion/
2,29,https://www.examtopics.com/discussions/microsoft/view/148952-exam-az-800-topic-2-question-29-discussion/
2,30,https://www.examtopics.com/discussions/microsoft/view/148953-exam-az-800-topic-2-question-30-discussion/
2,31,https://www.examtopics.com/discussions/microsoft/view/148954-exam-az-800-topic-2-question-31-discussion/
2,33,https://www.examtopics.com/discussions/microsoft/view/150918-exam-az-800-topic-3-question-33-discussion/
2,34,https://www.examtopics.com/discussions/microsoft/view/136017-exam-az-800-topic-3-question-34-discussion/
2,35,https://www.examtopics.com/discussions/microsoft/view/137501-exam-az-800-topic-3-question-35-discussion/
2,36,https://www.examtopics.com/discussions/microsoft/view/140312-exam-az-800-topic-3-question-36-discussion/
2,39,https://www.examtopics.com/discussions/microsoft/view/142113-exam-az-800-topic-4-question-39-discussion/
2,41,https://www.examtopics.com/discussions/microsoft/view/142118-exam-az-800-topic-4-question-41-discussion/
2,51,https://www.examtopics.com/discussions/microsoft/view/151136-exam-az-800-topic-5-question-51-discussion/
3,1,https://www.examtopics.com/discussions/microsoft/view/74856-exam-az-800-topic-3-question-1-discussion/
3,2,https://www.examtopics.com/discussions/microsoft/view/75651-exam-az-800-topic-3-question-2-discussion/
3,3,https://www.examtopics.com/discussions/microsoft/view/75464-exam-az-800-topic-3-question-3-discussion/
3,4,https://www.examtopics.com/discussions/microsoft/view/75313-exam-az-800-topic-3-question-4-discussion/
3,5,https://www.examtopics.com/discussions/microsoft/view/74752-exam-az-800-topic-3-question-5-discussion/
3,6,https://www.examtopics.com/discussions/microsoft/view/81185-exam-az-800-topic-3-question-6-discussion/
3,7,https://www.examtopics.com/discussions/microsoft/view/76255-exam-az-800-topic-3-question-7-discussion/
3,8,https://www.examtopics.com/discussions/microsoft/view/75540-exam-az-800-topic-3-question-8-discussion/
3,9,https://www.examtopics.com/discussions/microsoft/view/81920-exam-az-800-topic-3-question-9-discussion/
3,10,https://www.examtopics.com/discussions/microsoft/view/91620-exam-az-800-topic-3-question-10-discussion/
3,11,https://www.examtopics.com/discussions/microsoft/view/86567-exam-az-800-topic-3-question-11-discussion/
3,12,https://www.examtopics.com/discussions/microsoft/view/87244-exam-az-800-topic-3-question-12-discussion/
3,13,https://www.examtopics.com/discussions/microsoft/view/91979-exam-az-800-topic-3-question-13-discussion/
3,14,https://www.examtopics.com/discussions/microsoft/view/85528-exam-az-800-topic-3-question-14-discussion/
3,15,https://www.examtopics.com/discussions/microsoft/view/81921-exam-az-800-topic-3-question-15-discussion/
3,17,https://www.examtopics.com/discussions/microsoft/view/97755-exam-az-800-topic-3-question-17-discussion/
3,18,https://www.examtopics.com/discussions/microsoft/view/98517-exam-az-800-topic-3-question-18-discussion/
3,19,https://www.examtopics.com/discussions/microsoft/view/99885-exam-az-800-topic-3-question-19-discussion/
3,20,https://www.examtopics.com/discussions/microsoft/view/101376-exam-az-800-topic-3-question-20-discussion/
3,21,https://www.examtopics.com/discussions/microsoft/view/112569-exam-az-800-topic-3-question-21-discussion/
3,22,https://www.examtopics.com/discussions/microsoft/view/113796-exam-az-800-topic-3-question-22-discussion/
3,23,https://www.examtopics.com/discussions/microsoft/view/112142-exam-az-800-topic-3-question-23-discussion/
3,24,https://www.examtopics.com/discussions/microsoft/view/112144-exam-az-800-topic-3-question-24-discussion/
3,25,https://www.examtopics.com/discussions/microsoft/view/116634-exam-az-800-topic-3-question-25-discussion/
3,26,https://www.examtopics.com/discussions/microsoft/view/120343-exam-az-800-topic-3-question-26-discussion/
3,27,https://www.examtopics.com/discussions/microsoft/view/121124-exam-az-800-topic-3-question-27-discussion/
3,28,https://www.examtopics.com/discussions/microsoft/view/125573-exam-az-800-topic-3-question-28-discussion/
3,29,https://www.examtopics.com/discussions/microsoft/view/121655-exam-az-800-topic-3-question-29-discussion/
3,30,https://www.examtopics.com/discussions/microsoft/view/121544-exam-az-800-topic-3-question-30-discussion/
3,31,https://www.examtopics.com/discussions/microsoft/view/126373-exam-az-800-topic-3-question-31-discussion/
3,37,https://www.examtopics.com/discussions/microsoft/view/141444-exam-az-800-topic-3-question-37-discussion/
3,38,https://www.examtopics.com/discussions/microsoft/view/150155-exam-az-800-topic-3-question-38-discussion/
3,39,https://www.examtopics.com/discussions/microsoft/view/150156-exam-az-800-topic-3-question-39-discussion/
3,40,https://www.examtopics.com/discussions/microsoft/view/150157-exam-az-800-topic-3-question-40-discussion/
3,41,https://www.examtopics.com/discussions/microsoft/view/150159-exam-az-800-topic-3-question-41-discussion/
3,44,https://www.examtopics.com/discussions/microsoft/view/141108-exam-az-800-topic-5-question-44-discussion/
3,45,https://www.examtopics.com/discussions/microsoft/view/145813-exam-az-800-topic-5-question-45-discussion/
3,46,https://www.examtopics.com/discussions/microsoft/view/145982-exam-az-800-topic-5-question-46-discussion/
3,48,https://www.examtopics.com/discussions/microsoft/view/150250-exam-az-800-topic-5-question-48-discussion/
4,1,https://www.examtopics.com/discussions/microsoft/view/75542-exam-az-800-topic-4-question-1-discussion/
4,2,https://www.examtopics.com/discussions/microsoft/view/84004-exam-az-800-topic-4-question-2-discussion/
4,3,https://www.examtopics.com/discussions/microsoft/view/76362-exam-az-800-topic-4-question-3-discussion/
4,4,https://www.examtopics.com/discussions/microsoft/view/75295-exam-az-800-topic-4-question-4-discussion/
4,5,https://www.examtopics.com/discussions/microsoft/view/77009-exam-az-800-topic-4-question-5-discussion/
4,6,https://www.examtopics.com/discussions/microsoft/view/87006-exam-az-800-topic-4-question-6-discussion/
4,7,https://www.examtopics.com/discussions/microsoft/view/86848-exam-az-800-topic-4-question-7-discussion/
4,8,https://www.examtopics.com/discussions/microsoft/view/75466-exam-az-800-topic-4-question-8-discussion/
4,9,https://www.examtopics.com/discussions/microsoft/view/76899-exam-az-800-topic-4-question-9-discussion/
4,10,https://www.examtopics.com/discussions/microsoft/view/93461-exam-az-800-topic-4-question-10-discussion/
4,11,https://www.examtopics.com/discussions/microsoft/view/86704-exam-az-800-topic-4-question-11-discussion/
4,12,https://www.examtopics.com/discussions/microsoft/view/86852-exam-az-800-topic-4-question-12-discussion/
4,13,https://www.examtopics.com/discussions/microsoft/view/78767-exam-az-800-topic-4-question-13-discussion/
4,14,https://www.examtopics.com/discussions/microsoft/view/82068-exam-az-800-topic-4-question-14-discussion/
4,15,https://www.examtopics.com/discussions/microsoft/view/92381-exam-az-800-topic-4-question-15-discussion/
4,16,https://www.examtopics.com/discussions/microsoft/view/137637-exam-az-800-topic-4-question-35-discussion/
4,17,https://www.examtopics.com/discussions/microsoft/view/96525-exam-az-800-topic-4-question-17-discussion/
4,18,https://www.examtopics.com/discussions/microsoft/view/101238-exam-az-800-topic-4-question-18-discussion/
4,19,https://www.examtopics.com/discussions/microsoft/view/116649-exam-az-800-topic-4-question-19-discussion/
4,20,https://www.examtopics.com/discussions/microsoft/view/141668-exam-az-800-topic-4-question-20-discussion/
4,21,https://www.examtopics.com/discussions/microsoft/view/99586-exam-az-800-topic-4-question-21-discussion/
4,22,https://www.examtopics.com/discussions/microsoft/view/99557-exam-az-800-topic-4-question-22-discussion/
4,23,https://www.examtopics.com/discussions/microsoft/view/117557-exam-az-800-topic-4-question-23-discussion/
4,24,https://www.examtopics.com/discussions/microsoft/view/124123-exam-az-800-topic-4-question-24-discussion/
4,25,https://www.examtopics.com/discussions/microsoft/view/120656-exam-az-800-topic-4-question-25-discussion/
4,26,https://www.examtopics.com/discussions/microsoft/view/121156-exam-az-800-topic-4-question-26-discussion/
4,27,https://www.examtopics.com/discussions/microsoft/view/124577-exam-az-800-topic-4-question-27-discussion/
4,28,https://www.examtopics.com/discussions/microsoft/view/121806-exam-az-800-topic-4-question-28-discussion/
4,29,https://www.examtopics.com/discussions/microsoft/view/126391-exam-az-800-topic-4-question-29-discussion/
4,30,https://www.examtopics.com/discussions/microsoft/view/126219-exam-az-800-topic-4-question-30-discussion/
4,31,https://www.examtopics.com/discussions/microsoft/view/126394-exam-az-800-topic-4-question-31-discussion/
4,32,https://www.examtopics.com/discussions/microsoft/view/133857-exam-az-800-topic-4-question-32-discussion/
4,34,https://www.examtopics.com/discussions/microsoft/view/136493-exam-az-800-topic-4-question-34-discussion/
4,36,https://www.examtopics.com/discussions/microsoft/view/139797-exam-az-800-topic-4-question-36-discussion/
4,37,https://www.examtopics.com/discussions/microsoft/view/140670-exam-az-800-topic-4-question-37-discussion/
4,38,https://www.examtopics.com/discussions/microsoft/view/140671-exam-az-800-topic-4-question-38-discussion/
4,40,https://www.examtopics.com/discussions/microsoft/view/142116-exam-az-800-topic-4-question-40-discussion/
4,43,https://www.examtopics.com/discussions/microsoft/view/150098-exam-az-800-topic-4-question-43-discussion/
4,50,https://www.examtopics.com/discussions/microsoft/view/151014-exam-az-800-topic-5-question-50-discussion/
5,1,https://www.examtopics.com/discussions/microsoft/view/75544-exam-az-800-topic-5-question-1-discussion/
5,2,https://www.examtopics.com/discussions/microsoft/view/75982-exam-az-800-topic-5-question-2-discussion/
5,3,https://www.examtopics.com/discussions/microsoft/view/75983-exam-az-800-topic-5-question-3-discussion/
5,4,https://www.examtopics.com/discussions/microsoft/view/76313-exam-az-800-topic-5-question-4-discussion/
5,5,https://www.examtopics.com/discussions/microsoft/view/75467-exam-az-800-topic-5-question-5-discussion/
5,6,https://www.examtopics.com/discussions/microsoft/view/75001-exam-az-800-topic-5-question-6-discussion/
5,7,https://www.examtopics.com/discussions/microsoft/view/75468-exam-az-800-topic-5-question-7-discussion/
5,8,https://www.examtopics.com/discussions/microsoft/view/75546-exam-az-800-topic-5-question-8-discussion/
5,9,https://www.examtopics.com/discussions/microsoft/view/77039-exam-az-800-topic-5-question-9-discussion/
5,10,https://www.examtopics.com/discussions/microsoft/view/87044-exam-az-800-topic-5-question-10-discussion/
5,11,https://www.examtopics.com/discussions/microsoft/view/85790-exam-az-800-topic-5-question-11-discussion/
5,12,https://www.examtopics.com/discussions/microsoft/view/85515-exam-az-800-topic-5-question-12-discussion/
5,13,https://www.examtopics.com/discussions/microsoft/view/81922-exam-az-800-topic-5-question-13-discussion/
5,14,https://www.examtopics.com/discussions/microsoft/view/82733-exam-az-800-topic-5-question-14-discussion/
5,15,https://www.examtopics.com/discussions/microsoft/view/87602-exam-az-800-topic-5-question-15-discussion/
5,16,https://www.examtopics.com/discussions/microsoft/view/83192-exam-az-800-topic-5-question-16-discussion/
5,17,https://www.examtopics.com/discussions/microsoft/view/80925-exam-az-800-topic-5-question-17-discussion/
5,18,https://www.examtopics.com/discussions/microsoft/view/80926-exam-az-800-topic-5-question-18-discussion/
5,19,https://www.examtopics.com/discussions/microsoft/view/80927-exam-az-800-topic-5-question-19-discussion/
5,20,https://www.examtopics.com/discussions/microsoft/view/83173-exam-az-800-topic-5-question-20-discussion/
5,21,https://www.examtopics.com/discussions/microsoft/view/83283-exam-az-800-topic-5-question-21-discussion/
5,22,https://www.examtopics.com/discussions/microsoft/view/85592-exam-az-800-topic-5-question-22-discussion/
5,23,https://www.examtopics.com/discussions/microsoft/view/85920-exam-az-800-topic-5-question-23-discussion/
5,24,https://www.examtopics.com/discussions/microsoft/view/80810-exam-az-800-topic-5-question-24-discussion/
5,25,https://www.examtopics.com/discussions/microsoft/view/81923-exam-az-800-topic-5-question-25-discussion/
5,26,https://www.examtopics.com/discussions/microsoft/view/87048-exam-az-800-topic-5-question-26-discussion/
5,27,https://www.examtopics.com/discussions/microsoft/view/81924-exam-az-800-topic-5-question-27-discussion/
5,28,https://www.examtopics.com/discussions/microsoft/view/95682-exam-az-800-topic-5-question-28-discussion/
5,29,https://www.examtopics.com/discussions/microsoft/view/101487-exam-az-800-topic-5-question-29-discussion/
5,30,https://www.examtopics.com/discussions/microsoft/view/112169-exam-az-800-topic-5-question-30-discussion/
5,31,https://www.examtopics.com/discussions/microsoft/view/116078-exam-az-800-topic-5-question-31-discussion/
5,32,https://www.examtopics.com/discussions/microsoft/view/112418-exam-az-800-topic-5-question-32-discussion/
5,33,https://www.examtopics.com/discussions/microsoft/view/112419-exam-az-800-topic-5-question-33-discussion/
5,34,https://www.examtopics.com/discussions/microsoft/view/123001-exam-az-800-topic-5-question-34-discussion/
5,35,https://www.examtopics.com/discussions/microsoft/view/125793-exam-az-800-topic-5-question-35-discussion/
5,36,https://www.examtopics.com/discussions/microsoft/view/121555-exam-az-800-topic-5-question-36-discussion/
5,37,https://www.examtopics.com/discussions/microsoft/view/124890-exam-az-800-topic-5-question-37-discussion/
5,38,https://www.examtopics.com/discussions/microsoft/view/124891-exam-az-800-topic-5-question-38-discussion/
5,39,https://www.examtopics.com/discussions/microsoft/view/121557-exam-az-800-topic-5-question-39-discussion/
5,40,https://www.examtopics.com/discussions/microsoft/view/126447-exam-az-800-topic-5-question-40-discussion/
5,41,https://www.examtopics.com/discussions/microsoft/view/131308-exam-az-800-topic-5-question-41-discussion/
5,42,https://www.examtopics.com/discussions/microsoft/view/142728-exam-az-800-topic-5-question-42-discussion/
5,43,https://www.examtopics.com/discussions/microsoft/view/138657-exam-az-800-topic-5-question-43-discussion/
5,47,https://www.examtopics.com/discussions/microsoft/view/145983-exam-az-800-topic-5-question-47-discussion/
6,1,https://www.examtopics.com/discussions/microsoft/view/85853-exam-az-800-topic-6-question-1-discussion/
6,2,https://www.examtopics.com/discussions/microsoft/view/85854-exam-az-800-topic-6-question-2-discussion/
6,3,https://www.examtopics.com/discussions/microsoft/view/85971-exam-az-800-topic-6-question-3-discussion/
6,4,https://www.examtopics.com/discussions/microsoft/view/81925-exam-az-800-topic-6-question-4-discussion/
7,1,https://www.examtopics.com/discussions/microsoft/view/81926-exam-az-800-topic-7-question-1-discussion/
7,2,https://www.examtopics.com/discussions/microsoft/view/84224-exam-az-800-topic-7-question-2-discussion/
7,3,https://www.examtopics.com/discussions/microsoft/view/76577-exam-az-800-topic-7-question-3-discussion/
7,4,https://www.examtopics.com/discussions/microsoft/view/76244-exam-az-800-topic-7-question-4-discussion/
7,5,https://www.examtopics.com/discussions/microsoft/view/83520-exam-az-800-topic-7-question-5-discussion/
8,1,https://www.examtopics.com/discussions/microsoft/view/87082-exam-az-800-topic-8-question-1-discussion/
9,1,https://www.examtopics.com/discussions/microsoft/view/75005-exam-az-800-topic-9-question-1-discussion/
10,1,https://www.examtopics.com/discussions/microsoft/view/94004-exam-az-800-topic-10-question-1-discussion/
10,2,https://www.examtopics.com/discussions/microsoft/view/75608-exam-az-800-topic-10-question-2-discussion/
11,1,https://www.examtopics.com/discussions/microsoft/view/86946-exam-az-800-topic-11-question-1-discussion/
11,2,https://www.examtopics.com/discussions/microsoft/view/76985-exam-az-800-topic-11-question-2-discussion/
11,3,https://www.examtopics.com/discussions/microsoft/view/76986-exam-az-800-topic-11-question-3-discussion/
11,4,https://www.examtopics.com/discussions/microsoft/view/75610-exam-az-800-topic-11-question-4-discussion/
12,1,https://www.examtopics.com/discussions/microsoft/view/104461-exam-az-800-topic-12-question-1-discussion/
13,1,https://www.examtopics.com/discussions/microsoft/view/75396-exam-az-800-topic-13-question-1-discussion/
13,2,https://www.examtopics.com/discussions/microsoft/view/82713-exam-az-800-topic-13-question-2-discussion/
